{
    "name": "LatinBattle.com",
    "saveDirectory": "./savegame",
    "logDirectory": "./logs",
    "ip": "0.0.0.0",
    "queryPort": 15637,
    "slotCount": 16,
    "voiceChatMode": "Proximity",
    "enableVoiceChat": false,
    "enableTextChat": false,
    "gameSettingsPreset": "Default",
    "gameSettings": {
        "playerHealthFactor": "1",
        "playerManaFactor": "1",
        "playerStaminaFactor": "1",
        "playerBodyHeatFactor": "1",
        "enableDurability": "true",
        "enableStarvingDebuff": "false",
        "foodBuffDurationFactor": "1",
        "fromHungerToStarving": "600000000000",
        "shroudTimeFactor": "1",
        "tombstoneMode": "AddBackpackMaterials",
        "enableGliderTurbulences": "true",
        "weatherFrequency": "Normal",
        "miningDamageFactor": "1",
        "plantGrowthSpeedFactor": "1",
        "resourceDropStackAmountFactor": "1",
        "factoryProductionSpeedFactor": "1",
        "perkUpgradeRecyclingFactor": "0.5",
        "perkCostFactor": "1",
        "experienceCombatFactor": "1",
        "experienceMiningFactor": "1",
        "experienceExplorationQuestsFactor": "1",
        "randomSpawnerAmount": "Normal",
        "aggroPoolAmount": "Normal",
        "enemyDamageFactor": "1",
        "enemyHealthFactor": "1",
        "enemyStaminaFactor": "1",
        "enemyPerceptionRangeFactor": "1",
        "bossDamageFactor": "1",
        "bossHealthFactor": "1",
        "threatBonus": "1",
        "pacifyAllEnemies": "false",
        "tamingStartleRepercussion": "LoseSomeProgress",
        "dayTimeDuration": "1800000000000",
        "nightTimeDuration": "720000000000",
        "curseModifier": "Normal"
    },
    "userGroups": [
        {
            "name": "Admin",
            "password": "35027595",
            "canKickBan": "true",
            "canAccessInventories": "true",
            "canEditBase": "true",
            "canExtendBase": "true",
            "reservedSlots": "0"
        },
        {
            "name": "Friend",
            "password": "32767",
            "canKickBan": "false",
            "canAccessInventories": "true",
            "canEditBase": "true",
            "canExtendBase": "false",
            "reservedSlots": "0"
        },
        {
            "name": "Guest",
            "password": "32768",
            "canKickBan": "false",
            "canAccessInventories": "false",
            "canEditBase": "false",
            "canExtendBase": "false",
            "reservedSlots": "0"
        }
    ]
}